INS_time_ms, INS_Lat, INS_Lon, Nearest_Lat, Nearest_Lon, GT_D2L_m, Frame_no, ODO_D2L_m, Lat_new, Lon_new, GPS_stauts
475601700,47.7345799,10.3462983,47.734573,10.34629036,0.905208,8955,0.7392,47.73457653,10.34629872,8
475601750,47.7345686,10.3463086,47.7345653,10.34629733,0.911676,8956,0.7602,47.73456893,10.34630593,8
475601800,47.7345573,10.346319,47.73454989,10.34631129,0.924979,8957,0.7434,47.73455344,10.3463197,8
475601850,47.734546,10.3463293,47.73454219,10.34631827,0.926249,8958,0.7329,47.73454569,10.34632656,8
475601900,47.7345347,10.3463396,47.73452678,10.34633223,0.932828,8959,0.8316,47.73453075,10.34634164,8
475601950,47.7345234,10.3463499,47.73451907,10.34633921,0.934065,8960,0.8022,47.7345229,10.34634829,8
475602000,47.7345121,10.3463602,47.73450366,10.34635317,0.939703,8961,0.8148,47.73450755,10.34636239,8
475602050,47.7345008,10.3463704,47.73449596,10.34636015,0.936021,8962,0.7896,47.73449973,10.34636908,8
475602100,47.7344895,10.3463807,47.73448055,10.34637411,0.940475,8963,0.7581,47.73448417,10.34638269,8
475602150,47.7344782,10.346391,47.73447285,10.34638109,0.943701,8964,0.798,47.73447666,10.34639012,8
475602200,47.7344669,10.3464012,47.73445744,10.34639505,0.938964,8965,0.7938,47.73446123,10.34640403,8
475602250,47.7344556,10.3464115,47.73444974,10.34640203,0.944842,8966,0.8127,47.73445362,10.34641123,8
475602300,47.7344443,10.3464218,47.73443433,10.34641599,0.949348,8967,0.8652,47.73443846,10.34642578,8
475602350,47.7344329,10.346432,47.73442662,10.34642297,0.942478,8968,0.7707,47.7344303,10.34643169,8
475602400,47.7344216,10.3464422,47.73441122,10.34643693,0.932599,8969,0.798,47.73441503,10.34644596,8
475602450,47.7344103,10.3464525,47.73440351,10.34644391,0.942443,8970,0.8211,47.73440743,10.3464532,8
475602500,47.734399,10.3464627,47.7343881,10.34645787,0.938054,8971,0.7896,47.73439187,10.3464668,8
475602550,47.7343877,10.3464729,47.7343804,10.34646485,0.936378,8972,0.8043,47.73438424,10.34647395,8
475602600,47.7343764,10.3464831,47.7343727,10.34647183,0.934023,8973,0.7602,47.73437633,10.34648043,8
475602650,47.734365,10.3464933,47.73435729,10.34648579,0.928012,8974,0.7602,47.73436092,10.34649439,8
475602700,47.7343537,10.3465035,47.73434959,10.34649277,0.92394,8975,0.7686,47.73435326,10.34650147,8
475602750,47.7343424,10.3465137,47.73433418,10.34650673,0.919198,8976,0.7581,47.7343378,10.34651531,8
475602800,47.7343311,10.3465239,47.73432648,10.34651371,0.919244,8977,0.7413,47.73433002,10.3465221,8
475602850,47.7343197,10.3465341,47.73431107,10.34652767,0.909,8978,0.7392,47.7343146,10.34653603,8
475602900,47.7343084,10.3465443,47.73430336,10.34653465,0.909206,8979,0.735,47.73430687,10.34654297,8
475602950,47.7342971,10.3465545,47.73428796,10.34654862,0.905678,8980,0.7371,47.73429148,10.34655696,8
475603000,47.7342857,10.3465647,47.73428026,10.3465556,0.896904,8981,0.7497,47.73428384,10.34656408,8
475603050,47.7342744,10.3465749,47.73426485,10.34656956,0.892469,8982,0.7623,47.73426849,10.34657819,8
475603100,47.7342631,10.3465851,47.73425715,10.34657654,0.893182,8983,0.7476,47.73426072,10.346585,8
475603150,47.7342517,10.3465953,47.73424174,10.3465905,0.890188,8984,0.777,47.73424545,10.34659929,8
475603200,47.7342404,10.3466055,47.73423404,10.34659748,0.881556,8985,0.8274,47.73423799,10.34660684,8
475603250,47.7342291,10.3466157,47.73421863,10.34661144,0.88101,8986,0.798,47.73422244,10.34662047,8
475603300,47.7342178,10.3466259,47.73421093,10.34661843,0.876848,8987,0.8274,47.73421488,10.34662779,8
475603350,47.7342064,10.3466361,47.73420323,10.34662541,0.866511,8988,0.8232,47.73420716,10.34663472,8
475603400,47.7341951,10.3466463,47.73418782,10.34663937,0.86307,8989,0.7938,47.73419161,10.34664835,8
475603450,47.7341838,10.3466565,47.73418012,10.34664635,0.862209,8990,0.7875,47.73418388,10.34665526,8
475603500,47.7341725,10.3466667,47.73416471,10.34666031,0.855689,8991,0.7539,47.73416831,10.34666884,8
475603550,47.7341612,10.3466769,47.73415701,10.3466673,0.856504,8992,0.7749,47.73416071,10.34667607,8
475603600,47.7341498,10.3466871,47.7341416,10.34668126,0.846671,8993,0.7749,47.7341453,10.34669003,8
475603650,47.7341385,10.3466974,47.7341339,10.34668824,0.852201,8994,0.7119,47.7341373,10.34669629,8
475603700,47.7341272,10.3467076,47.7341185,10.3467022,0.846723,8995,0.7182,47.73412193,10.34671033,8
475603750,47.7341159,10.3467178,47.7341108,10.34670919,0.84521,8996,0.6993,47.73411414,10.3467171,8
475603800,47.7341046,10.346728,47.73409539,10.34672315,0.842812,8997,0.7539,47.73409899,10.34673168,8
475603850,47.7340933,10.3467383,47.73408769,10.34673013,0.847184,8998,0.7497,47.73409127,10.34673861,8
475603900,47.734082,10.3467485,47.73407229,10.3467441,0.85024,8999,0.7266,47.73407576,10.34675232,8
475603950,47.7340707,10.3467587,47.73406458,10.34675108,0.843806,9000,0.7329,47.73406808,10.34675937,8
475604000,47.7340593,10.346769,47.73404918,10.34676504,0.835357,9001,0.7497,47.73405276,10.34677352,8
475604050,47.734048,10.3467792,47.73404148,10.34677203,0.835503,9002,0.7329,47.73404498,10.34678032,8
475604100,47.7340367,10.3467895,47.73403378,10.34677901,0.839906,9003,0.7035,47.73403714,10.34678697,8
475604150,47.7340254,10.3467997,47.73401837,10.34679297,0.834818,9004,0.7308,47.73402186,10.34680124,8
475604200,47.7340141,10.34681,47.73401067,10.34679996,0.840056,9005,0.7287,47.73401415,10.3468082,8
475604250,47.7340028,10.3468202,47.73399527,10.34681392,0.83864,9006,0.714,47.73399868,10.346822,8
475604300,47.7339915,10.3468304,47.73398757,10.34682091,0.834292,9007,0.7203,47.73399101,10.34682906,8
475604350,47.7339802,10.3468406,47.73397217,10.34683487,0.82942,9008,0.7056,47.73397554,10.34684285,8
475604400,47.7339689,10.3468508,47.73396446,10.34684185,0.829083,9009,0.7266,47.73396793,10.34685007,8
475604450,47.7339575,10.346861,47.73394906,10.34685582,0.820049,9010,0.7224,47.73395251,10.34686399,8
475604500,47.7339462,10.3468713,47.73394136,10.3468628,0.822935,9011,0.7224,47.73394481,10.34687097,8
475604550,47.7339349,10.3468815,47.73392596,10.34687677,0.818538,9012,0.7077,47.73392934,10.34688478,8
475604600,47.7339235,10.3468917,47.73391826,10.34688375,0.811134,9013,0.7161,47.73392168,10.34689185,8
475604650,47.7339122,10.3469019,47.73390286,10.34689772,0.804459,9014,0.7077,47.73390624,10.34690573,8
475604700,47.7339009,10.3469121,47.73389516,10.3469047,0.80758,9015,0.7182,47.73389859,10.34691283,8
475604750,47.7338896,10.3469224,47.73387976,10.34691867,0.810608,9016,0.714,47.73388317,10.34692675,8
475604800,47.7338782,10.3469326,47.73387205,10.34692566,0.80097,9017,0.7182,47.73387548,10.34693379,8
475604850,47.7338669,10.3469428,47.73386435,10.34693264,0.797446,9018,0.6993,47.73386769,10.34694055,8
475604900,47.7338556,10.346953,47.73384895,10.34694661,0.790564,9019,0.7098,47.73385234,10.34695464,8
475604950,47.7338442,10.3469632,47.73384125,10.34695359,0.785266,9020,0.714,47.73384466,10.34696167,8
475605000,47.7338329,10.3469734,47.73382585,10.34696756,0.783906,9021,0.7245,47.73382931,10.34697576,8
475605050,47.7338216,10.3469837,47.73381815,10.34697454,0.785569,9022,0.6573,47.73382129,10.34698198,8
475605100,47.7338102,10.3469939,47.73380275,10.34698851,0.780166,9023,0.672,47.73380596,10.34699611,8
475605150,47.7337989,10.3470041,47.73379505,10.3469955,0.772792,9024,0.693,47.73379836,10.34700334,8
475605200,47.7337876,10.3470143,47.73377965,10.34700947,0.7713,9025,0.693,47.73378296,10.34701731,8
475605250,47.7337763,10.3470246,47.73377195,10.34701645,0.77269,9026,0.693,47.73377526,10.34702429,8
475605300,47.7337649,10.3470348,47.73375656,10.34703042,0.762965,9027,0.6573,47.7337597,10.34703786,8
475605350,47.7337536,10.3470451,47.73374886,10.34703741,0.765888,9028,0.6636,47.73375203,10.34704492,8
475605400,47.7337423,10.3470553,47.73373346,10.34705138,0.760812,9029,0.6993,47.7337368,10.34705929,8
475605450,47.7337309,10.3470656,47.73372576,10.34705836,0.760352,9030,0.6573,47.7337289,10.3470658,8
475605500,47.7337196,10.3470758,47.73371036,10.34707233,0.760746,9031,0.6783,47.7337136,10.34708,8
475605550,47.7337083,10.3470861,47.73370266,10.34707932,0.762154,9032,0.6825,47.73370592,10.34708704,8
475605600,47.733697,10.3470963,47.73368726,10.34709329,0.752825,9033,0.7203,47.7336907,10.34710144,8
475605650,47.7336856,10.3471066,47.73367956,10.34710028,0.755373,9034,0.714,47.73368297,10.34710836,8
475605700,47.7336743,10.3471168,47.73367187,10.34710726,0.750145,9035,0.7161,47.73367529,10.34711536,8
475605750,47.733663,10.3471271,47.73365647,10.34712123,0.755195,9036,0.6909,47.73365977,10.34712905,8
475605800,47.7336517,10.3471373,47.73364877,10.34712822,0.750086,9037,0.6594,47.73365192,10.34713568,8
475605850,47.7336404,10.3471475,47.73363337,10.34714219,0.750526,9038,0.7035,47.73363673,10.34715015,8
475605900,47.733629,10.3471578,47.73362567,10.34714918,0.743805,9039,0.6636,47.73362884,10.34715669,8
475605950,47.7336177,10.347168,47.73361028,10.34716315,0.737127,9040,0.7014,47.73361363,10.34717109,8
475606000,47.7336064,10.3471782,47.73360258,10.34717014,0.736148,9041,0.7161,47.733606,10.34717824,8
475606050,47.733595,10.3471884,47.73358718,10.34718411,0.729082,9042,0.6888,47.73359047,10.3471919,8
475606100,47.7335837,10.3471987,47.73357949,10.3471911,0.72947,9043,0.6615,47.73358265,10.34719858,8
475606150,47.7335724,10.3472089,47.73356409,10.34720507,0.728723,9044,0.6363,47.73356713,10.34721227,8
475606200,47.7335611,10.3472191,47.73355639,10.34721206,0.723577,9045,0.6573,47.73355953,10.3472195,8
475606250,47.7335497,10.3472294,47.733541,10.34722603,0.717669,9046,0.6699,47.7335442,10.34723361,8
475606300,47.7335384,10.3472396,47.7335333,10.34723302,0.717776,9047,0.7077,47.73353668,10.34724103,8
475606350,47.7335271,10.3472499,47.73351791,10.34724699,0.724252,9048,0.6783,47.73352115,10.34725466,8
475606400,47.7335158,10.3472601,47.73351021,10.34725398,0.715199,9049,0.6909,47.73351351,10.3472618,8
475606450,47.7335044,10.3472704,47.73350251,10.34726097,0.712135,9050,0.6741,47.73350573,10.3472686,8
475606500,47.7334931,10.3472807,47.73348712,10.34727494,0.717367,9051,0.6804,47.73349037,10.34728264,8
475606550,47.7334818,10.3472909,47.73347942,10.34728193,0.711347,9052,0.6846,47.73348269,10.34728968,8
475606600,47.7334705,10.3473012,47.73346403,10.34729591,0.710151,9053,0.7098,47.73346742,10.34730394,8
475606650,47.7334592,10.3473115,47.73345633,10.3473029,0.716212,9054,0.7056,47.7334597,10.34731088,8
475606700,47.7334478,10.3473218,47.73344094,10.34731687,0.709523,9055,0.6867,47.73344422,10.34732464,8
475606750,47.7334365,10.3473321,47.73343324,10.34732386,0.715608,9056,0.6867,47.73343652,10.34733163,8
475606800,47.7334252,10.3473423,47.73341785,10.34733784,0.712961,9057,0.693,47.73342116,10.34734568,8
475606850,47.7334139,10.3473526,47.73341015,10.34734483,0.713974,9058,0.672,47.73341336,10.34735243,8
475606900,47.7334026,10.3473629,47.73339476,10.34735881,0.71669,9059,0.6741,47.73339798,10.34736644,8
475606950,47.7333913,10.3473732,47.73338707,10.34736579,0.718161,9060,0.7119,47.73339047,10.34737384,8
475607000,47.7333799,10.3473835,47.73337168,10.34737977,0.719852,9061,0.7035,47.73337504,10.34738773,8
475607050,47.7333686,10.3473938,47.73336398,10.34738676,0.716766,9062,0.6951,47.7333673,10.34739462,8
475607100,47.7333573,10.3474041,47.73334859,10.34740074,0.718304,9063,0.672,47.7333518,10.34740834,8
475607150,47.733346,10.3474144,47.73334089,10.34740773,0.722827,9064,0.7035,47.73334425,10.34741569,8
475607200,47.7333347,10.3474247,47.7333255,10.34742171,0.725887,9065,0.7056,47.73332887,10.34742969,8
475607250,47.7333234,10.347435,47.73331781,10.3474287,0.727694,9066,0.7098,47.7333212,10.34743673,8
475607300,47.733312,10.3474453,47.73331011,10.34743569,0.72464,9067,0.7182,47.73331354,10.34744382,8
475607350,47.7333007,10.3474555,47.73329473,10.34744967,0.719132,9068,0.7161,47.73329815,10.34745777,8
475607400,47.7332894,10.3474658,47.73328703,10.34745666,0.720317,9069,0.714,47.73329044,10.34746474,8
475607450,47.7332781,10.3474761,47.73327164,10.34747064,0.72181,9070,0.7182,47.73327507,10.34747877,8
475607500,47.7332668,10.3474864,47.73326395,10.34747763,0.725435,9071,0.7182,47.73326738,10.34748576,8
475607550,47.7332555,10.3474967,47.73324856,10.34749161,0.728693,9072,0.7203,47.733252,10.34749976,8
475607600,47.7332441,10.347507,47.73324087,10.34749861,0.723348,9073,0.7518,47.73324446,10.34750712,8
475607650,47.7332328,10.3475173,47.73322548,10.34751259,0.725352,9074,0.7434,47.73322903,10.347521,8
475607700,47.7332215,10.3475276,47.73321778,10.34751958,0.72816,9075,0.7266,47.73322125,10.3475278,8
475607750,47.7332102,10.3475379,47.7332024,10.34753356,0.728476,9076,0.7371,47.73320592,10.3475419,8
475607800,47.7331989,10.3475482,47.7331947,10.34754055,0.731652,9077,0.756,47.73319831,10.3475491,8
475607850,47.7331875,10.3475585,47.73317932,10.34755454,0.731411,9078,0.7518,47.73318291,10.34756305,8
475607900,47.7331762,10.3475688,47.73317161,10.34756154,0.728973,9079,0.7623,47.73317525,10.34757016,8
475607950,47.7331649,10.3475791,47.73315622,10.3475755,0.731384,9080,0.7686,47.73315989,10.3475842,8
475608000,47.7331536,10.3475894,47.73314853,10.34758251,0.734006,9081,0.7665,47.73315219,10.34759118,8
475608050,47.7331423,10.3475998,47.73313316,10.34759654,0.737518,9082,0.7644,47.73313681,10.34760519,8
475608100,47.733131,10.3476101,47.73312547,10.34760355,0.738363,9083,0.7623,47.73312911,10.34761217,8
475608150,47.7331197,10.3476204,47.73311777,10.34761055,0.742524,9084,0.7497,47.73312135,10.34761903,8
475608200,47.7331083,10.3476307,47.73310239,10.34762449,0.740152,9085,0.6027,47.73310527,10.34763131,8
475608250,47.733097,10.3476411,47.73309468,10.34763144,0.751648,9086,0.7371,47.7330982,10.34763978,8
475608300,47.7330857,10.3476514,47.73307924,10.34764531,0.763696,9087,0.7497,47.73308282,10.34765379,8
475608350,47.7330744,10.3476617,47.73307152,10.34765223,0.772606,9088,0.7602,47.73307515,10.34766083,8
475608400,47.7330631,10.347672,47.73305605,10.34766608,0.786479,9089,0.777,47.73305976,10.34767487,8
475608450,47.7330517,10.3476824,47.73304832,10.347673,0.797042,9090,0.7938,47.73305211,10.34768198,8
475608500,47.7330404,10.3476927,47.73303287,10.34768686,0.8084,9091,0.7791,47.73303659,10.34769567,8
475608550,47.7330291,10.347703,47.73302516,10.3476938,0.816315,9092,0.7791,47.73302888,10.34770261,8
475608600,47.7330178,10.3477133,47.73300976,10.34770771,0.826474,9093,0.7812,47.73301349,10.34771655,8
475608650,47.7330064,10.3477236,47.73300207,10.34771469,0.820652,9094,0.7896,47.73300584,10.34772362,8
475608700,47.7329951,10.3477339,47.73298669,10.3477287,0.818025,9095,0.7896,47.73299046,10.34773763,8
475608750,47.7329838,10.3477442,47.73297901,10.34773572,0.82042,9096,0.7896,47.73298278,10.34774465,8
475608800,47.7329724,10.3477545,47.73296365,10.34774976,0.814557,9097,0.7896,47.73296742,10.34775869,8
475608850,47.7329611,10.3477648,47.73295596,10.34775677,0.810989,9098,0.7896,47.73295973,10.3477657,8
475608900,47.7329497,10.3477751,47.73294056,10.34777069,0.816984,9099,0.7896,47.73294433,10.34777962,8
475608950,47.7329384,10.3477854,47.73293292,10.34777764,0.812703,9100,0.7896,47.73293669,10.34778657,8
475609000,47.732927,10.3477957,47.73291754,10.34779162,0.812353,9101,0.7896,47.73292131,10.34780055,1
475609050,47.7329157,10.347806,47.73290985,10.34779861,0.811474,9102,0.7896,47.73291362,10.34780754,1
475609100,47.7329043,10.3478164,47.73289446,10.34781259,0.811683,9103,0.798,47.73289827,10.34782162,1
475609150,47.732893,10.3478267,47.73288677,10.34781958,0.815211,9104,0.7896,47.73289054,10.34782851,1
475609200,47.7328817,10.347837,47.73287908,10.34782658,0.818044,9105,0.7896,47.73288285,10.34783551,1
475609250,47.7328703,10.3478473,47.73286369,10.34784056,0.813494,9106,0.7896,47.73286746,10.34784949,1
475609300,47.732859,10.3478577,47.732856,10.34784755,0.822317,9107,0.7896,47.73285977,10.34785648,1
475609350,47.7328476,10.347868,47.73284062,10.34786153,0.821205,9108,0.7959,47.73284442,10.34787053,1
475609400,47.7328362,10.3478783,47.73283292,10.34786852,0.815284,9109,0.7896,47.73283669,10.34787745,1
475609450,47.7328249,10.3478887,47.73281754,10.3478825,0.821699,9110,0.7833,47.73282128,10.34789136,1
475609500,47.7328135,10.347899,47.73280984,10.34788949,0.819849,9111,0.7875,47.7328136,10.3478984,1
475609550,47.7328022,10.3479093,47.73279446,10.34790347,0.817062,9112,0.777,47.73279817,10.34791226,1
475609600,47.7327908,10.3479197,47.73278676,10.34791046,0.824823,9113,0.7791,47.73279048,10.34791927,1
475609650,47.7327795,10.34793,47.73277138,10.34792444,0.822861,9114,0.7812,47.73277511,10.34793328,1
475609700,47.7327681,10.3479403,47.73276368,10.34793143,0.822968,9115,0.7854,47.73276743,10.34794032,1
475609750,47.7327567,10.3479506,47.7327483,10.34794541,0.816962,9116,0.777,47.73275201,10.3479542,1
475609800,47.7327454,10.3479609,47.7327406,10.3479524,0.822265,9117,0.7749,47.7327443,10.34796117,1
475609850,47.732734,10.3479712,47.73272522,10.34796638,0.818651,9118,0.7728,47.73272891,10.34797512,1
475609900,47.7327226,10.3479816,47.73271752,10.34797337,0.820198,9119,0.7728,47.73272121,10.34798211,1
475609950,47.7327113,10.3479919,47.73270213,10.34798735,0.821927,9120,0.7686,47.7327058,10.34799605,1
475610000,47.7326999,10.3480022,47.73269444,10.34799434,0.81988,9121,0.7623,47.73269808,10.34800296,1
475610050,47.7326885,10.3480125,47.73267905,10.34800832,0.813137,9122,0.7707,47.73268273,10.34801704,1
475610100,47.7326771,10.3480228,47.73267136,10.34801531,0.811833,9123,0.7644,47.73267501,10.34802396,1
475610150,47.7326658,10.3480331,47.73265597,10.34802929,0.810909,9124,0.7644,47.73265962,10.34803794,1
475610200,47.7326544,10.3480434,47.73264828,10.34803628,0.811502,9125,0.7644,47.73265193,10.34804493,1
475610250,47.732643,10.3480538,47.73263289,10.34805026,0.814973,9126,0.7665,47.73263655,10.34805893,1
475610300,47.7326316,10.3480641,47.73262519,10.34805725,0.807374,9127,0.7686,47.73262886,10.34806595,1
475610350,47.7326202,10.3480744,47.7326175,10.34806424,0.805896,9128,0.2667,47.73261877,10.34806726,1
475610400,47.7326088,10.3480847,47.73260211,10.34807821,0.804251,9129,0.735,47.73260562,10.34808653,1
475610450,47.7325975,10.348095,47.73259442,10.3480852,0.804099,9130,0.6258,47.73259741,10.34809228,1
475610500,47.7325861,10.3481053,47.73257903,10.34809918,0.802271,9131,0.7686,47.7325827,10.34810788,1
475610550,47.7325747,10.3481156,47.73257133,10.34810617,0.797659,9132,0.7518,47.73257492,10.34811468,1
475610600,47.7325633,10.3481259,47.73255594,10.34812015,0.7914,9133,0.7497,47.73255952,10.34812863,1
475610650,47.7325519,10.3481362,47.73254825,10.34812714,0.790529,9134,0.7329,47.73255175,10.34813543,1
475610700,47.7325405,10.3481465,47.73253286,10.34814112,0.787184,9135,0.7434,47.73253641,10.34814953,1
475610750,47.7325291,10.3481568,47.73252517,10.34814811,0.783327,9136,0.7497,47.73252875,10.34815659,1
475610800,47.7325176,10.3481671,47.73250978,10.34816208,0.774608,9137,0.7413,47.73251332,10.34817047,1
475610850,47.7325062,10.3481774,47.73250208,10.34816907,0.770845,9138,0.7203,47.73250552,10.34817722,1
475610900,47.7324948,10.3481877,47.73248669,10.34818305,0.770572,9139,0.7455,47.73249025,10.34819148,1
475610950,47.7324834,10.348198,47.732479,10.34819004,0.763373,9140,0.7476,47.73248257,10.3481985,1
475611000,47.732472,10.3482083,47.73246361,10.34820402,0.765105,9141,0.7518,47.7324672,10.34821253,1
475611050,47.7324606,10.3482186,47.73245591,10.34821101,0.756788,9142,0.7119,47.73245931,10.34821906,1
475611100,47.7324491,10.3482289,47.73244052,10.34822498,0.751817,9143,0.7413,47.73244406,10.34823337,4
475611150,47.7324377,10.3482392,47.73243283,10.34823197,0.745614,9144,0.7392,47.73243636,10.34824033,4
475611200,47.7324263,10.3482495,47.73241744,10.34824595,0.744732,9145,0.7119,47.73242084,10.348254,4
475611250,47.7324149,10.3482598,47.73240975,10.34825294,0.735056,9146,0.7266,47.73241322,10.34826116,4
475611300,47.7324034,10.3482701,47.73239436,10.34826692,0.728897,9147,0.7014,47.73239771,10.34827486,4
475611350,47.732392,10.3482804,47.73238666,10.34827391,0.724781,9148,0.714,47.73239007,10.34828199,4
475611400,47.7323806,10.3482907,47.73237127,10.34828788,0.720473,9149,0.6867,47.73237455,10.34829565,4
475611450,47.7323692,10.3483011,47.73236358,10.34829487,0.722238,9150,0.7098,47.73236697,10.3483029,4
475611500,47.7323577,10.3483114,47.73235588,10.34830186,0.714245,9151,0.7182,47.73235931,10.34830999,4
475611550,47.7323463,10.3483217,47.73234049,10.34831584,0.71255,9152,0.7056,47.73234386,10.34832382,4
475611600,47.7323349,10.348332,47.7323328,10.34832283,0.707145,9153,0.7119,47.7323362,10.34833088,4
475611650,47.7323234,10.3483424,47.73231741,10.3483368,0.706439,9154,0.714,47.73232082,10.34834488,4
475611700,47.732312,10.3483527,47.73230971,10.34834379,0.701409,9155,0.7119,47.73231311,10.34835184,4
475611750,47.7323006,10.348363,47.73229432,10.34835777,0.699178,9156,0.7056,47.73229769,10.34836575,4
475611800,47.7322891,10.3483733,47.73228663,10.34836476,0.689523,9157,0.7035,47.73228999,10.34837272,4
475611850,47.7322777,10.3483837,47.73227124,10.34837874,0.692036,9158,0.6993,47.73227458,10.34838665,4
475611900,47.7322663,10.348394,47.73226354,10.34838572,0.689414,9159,0.6951,47.73226686,10.34839358,4
475611950,47.7322548,10.3484043,47.73224815,10.3483997,0.682957,9160,0.6909,47.73225145,10.34840752,4
475612000,47.7322434,10.3484146,47.73224046,10.34840669,0.675758,9161,0.6846,47.73224373,10.34841444,4
475612050,47.7322319,10.348425,47.73222507,10.34842067,0.675219,9162,0.6825,47.73222833,10.34842839,4
475612100,47.7322205,10.3484353,47.73221737,10.34842766,0.669708,9163,0.6783,47.73222061,10.34843533,4
475612150,47.7322091,10.3484456,47.73220198,10.34844163,0.665137,9164,0.6741,47.7322052,10.34844926,4
475612200,47.7321976,10.348456,47.73219429,10.34844862,0.663549,9165,0.6762,47.73219752,10.34845627,4
475612250,47.7321862,10.3484663,47.7321789,10.3484626,0.655747,9166,0.6552,47.73218203,10.34847001,4
475612300,47.7321747,10.3484767,47.7321712,10.34846959,0.656869,9167,0.6342,47.73217423,10.34847677,4
475612350,47.7321633,10.348487,47.73215581,10.34848356,0.656606,9168,0.6405,47.73215887,10.34849081,4
475612400,47.7321518,10.3484973,47.73214811,10.34849055,0.645963,9169,0.6384,47.73215116,10.34849777,4
475612450,47.7321404,10.3485077,47.73213272,10.34850453,0.646893,9170,0.6384,47.73213577,10.34851175,4
475612500,47.7321289,10.3485181,47.73212503,10.34851152,0.643958,9171,0.6405,47.73212809,10.34851877,4
475612550,47.7321175,10.3485284,47.73210964,10.34852549,0.64657,9172,0.6258,47.73211263,10.34853257,4
475612600,47.732106,10.3485388,47.73210194,10.34853248,0.639378,9173,0.609,47.73210485,10.34853937,4
475612650,47.7320946,10.3485491,47.73208655,10.34854646,0.635411,9174,0.6153,47.73208949,10.34855342,4
475612700,47.7320831,10.3485595,47.73207886,10.34855344,0.631613,9175,0.6384,47.73208191,10.34856066,4
475612750,47.7320717,10.3485698,47.73206347,10.34856742,0.634451,9176,0.6174,47.73206642,10.34857441,4
475612800,47.7320602,10.3485802,47.73205577,10.34857441,0.627,9177,0.6153,47.73205871,10.34858137,4
475612850,47.7320487,10.3485905,47.73204038,10.34858839,0.614369,9178,0.6195,47.73204334,10.3485954,4
475612900,47.7320373,10.3486009,47.73203268,10.34859537,0.619415,9179,0.6153,47.73203562,10.34860233,4
475612950,47.7320258,10.3486112,47.73201729,10.34860935,0.613354,9180,0.6111,47.73202021,10.34861626,4
475613000,47.7320144,10.3486215,47.7320096,10.34861634,0.605821,9181,0.6153,47.73201254,10.3486233,4
475613050,47.7320029,10.3486319,47.7320019,10.34862332,0.605094,9182,0.6111,47.73200482,10.34863023,4
475613100,47.7319914,10.3486422,47.73198651,10.3486373,0.598484,9183,0.6006,47.73198938,10.3486441,4
475613150,47.7319799,10.3486526,47.73197882,10.34864429,0.592168,9184,0.5943,47.73198166,10.34865101,4
475613200,47.7319685,10.3486629,47.73196342,10.34865826,0.590061,9185,0.5817,47.7319662,10.34866484,4
475613250,47.731957,10.3486733,47.73195573,10.34866525,0.589295,9186,0.5775,47.73195849,10.34867178,4
475613300,47.7319455,10.3486836,47.73194034,10.34867923,0.576837,9187,0.5775,47.7319431,10.34868576,4
475613350,47.731934,10.348694,47.73193264,10.34868621,0.576729,9188,0.5754,47.73193539,10.34869272,4
475613400,47.7319226,10.3487044,47.73191725,10.34870019,0.57618,9189,0.5607,47.73191993,10.34870653,4
475613450,47.7319111,10.3487147,47.73190955,10.34870718,0.56923,9190,0.5649,47.73191225,10.34871357,4
475613500,47.7318996,10.3487251,47.73189416,10.34872115,0.57007,9191,0.5649,47.73189686,10.34872754,4
475613550,47.7318882,10.3487354,47.73188647,10.34872814,0.56442,9192,0.5607,47.73188915,10.34873448,4
475613600,47.7318767,10.3487458,47.73187107,10.34874211,0.559546,9193,0.5607,47.73187375,10.34874845,4
475613650,47.7318653,10.3487561,47.73186338,10.3487491,0.559303,9194,0.5502,47.73186601,10.34875532,4
475613700,47.7318538,10.3487665,47.73184799,10.34876308,0.553976,9195,0.5565,47.73185065,10.34876938,4
475613750,47.7318423,10.3487769,47.73184029,10.34877006,0.553647,9196,0.5502,47.73184292,10.34877628,4
475613800,47.7318309,10.3487873,47.73182492,10.34878402,0.557515,9197,0.567,47.73182763,10.34879044,4
475613850,47.7318194,10.3487976,47.73181724,10.34879099,0.547346,9198,0.6027,47.73182012,10.34879781,4
475613900,47.7318079,10.348808,47.73180187,10.34880494,0.541733,9199,0.5754,47.73180462,10.34881145,4
475613950,47.7317965,10.3488184,47.73179419,10.34881192,0.547833,9200,0.5796,47.73179696,10.34881848,4
475614000,47.731785,10.3488289,47.73177882,10.34882587,0.553262,9201,0.5817,47.7317816,10.34883245,4
475614050,47.7317735,10.3488393,47.73177113,10.34883284,0.550235,9202,0.588,47.73177394,10.34883949,4
475614100,47.7317621,10.3488497,47.73175577,10.3488468,0.554793,9203,0.567,47.73175848,10.34885322,4
475614150,47.7317506,10.3488601,47.73174808,10.34885377,0.550621,9204,0.5922,47.73175091,10.34886047,4
475614200,47.7317391,10.3488705,47.73173271,10.34886772,0.549096,9205,0.5859,47.73173551,10.34887435,4
475614250,47.7317276,10.3488809,47.73172503,10.3488747,0.545213,9206,0.5922,47.73172786,10.3488814,4
475614300,47.7317161,10.3488913,47.73170966,10.34888865,0.542325,9207,0.5922,47.73171249,10.34889535,4
475614350,47.7317047,10.3489018,47.73170198,10.34889562,0.552503,9208,0.0693,47.73170231,10.3488964,4
475614400,47.7316932,10.3489122,47.73168661,10.34890957,0.553773,9209,0.5964,47.73168946,10.34891632,4
475614450,47.7316817,10.3489226,47.73167892,10.34891655,0.547665,9210,0.6027,47.7316818,10.34892337,4
475614500,47.7316702,10.348933,47.73166355,10.3489305,0.547533,9211,0.6006,47.73166642,10.3489373,4
475614550,47.7316587,10.3489434,47.73165587,10.34893747,0.542858,9212,0.5649,47.73165857,10.34894386,4
475614600,47.7316472,10.3489538,47.7316405,10.34895142,0.540504,9213,0.6027,47.73164338,10.34895824,4
475614650,47.7316356,10.3489642,47.73163282,10.34895839,0.532337,9214,0.609,47.73163573,10.34896528,4
475614700,47.7316241,10.3489746,47.73161745,10.34897234,0.525809,9215,0.6111,47.73162037,10.34897925,4
475614750,47.7316126,10.348985,47.73160976,10.34897932,0.527632,9216,0.6132,47.73161269,10.34898626,4
475614800,47.7316011,10.3489955,47.73159439,10.34899327,0.529972,9217,0.6132,47.73159732,10.34900021,4
475614850,47.7315896,10.3490059,47.73158671,10.34900024,0.528856,9218,0.6153,47.73158965,10.3490072,4
475614900,47.7315781,10.3490163,47.73157134,10.34901419,0.522705,9219,0.6153,47.73157428,10.34902115,4
475614950,47.7315666,10.3490268,47.73156365,10.34902116,0.531693,9220,0.6153,47.73156659,10.34902812,4
475615000,47.7315551,10.3490373,47.73154828,10.34903511,0.537801,9221,0.6132,47.73155121,10.34904205,4
475615050,47.7315436,10.3490477,47.73154059,10.34904208,0.53354,9222,0.6132,47.73154352,10.34904902,4
475615100,47.731532,10.3490582,47.73152522,10.34905603,0.534568,9223,0.5964,47.73152807,10.34906278,4
475615150,47.7315205,10.3490686,47.73151754,10.34906301,0.528379,9224,0.6069,47.73152044,10.34906988,4
475615200,47.731509,10.349079,47.73150217,10.34907695,0.52727,9225,0.6111,47.73150509,10.34908386,4
475615250,47.7314975,10.3490895,47.73149448,10.34908393,0.531319,9226,0.5985,47.73149734,10.3490907,4
475615300,47.731486,10.3490999,47.73147911,10.34909787,0.531519,9227,0.6111,47.73148203,10.34910478,4
475615350,47.7314744,10.3491104,47.73147142,10.34910485,0.527408,9228,0.5985,47.73147428,10.34911162,4
475615400,47.7314629,10.3491208,47.73145605,10.34911879,0.528351,9229,0.5922,47.73145888,10.34912549,4
475615450,47.7314514,10.3491313,47.73144837,10.34912577,0.528478,9230,0.6153,47.73145131,10.34913273,4
475615500,47.7314399,10.3491418,47.73143299,10.34913971,0.533608,9231,0.6195,47.73143595,10.34914672,4
475615550,47.7314283,10.3491523,47.73142531,10.34914669,0.531591,9232,0.6237,47.73142829,10.34915375,4
475615600,47.7314168,10.3491628,47.73140993,10.34916063,0.541348,9233,0.6279,47.73141293,10.34916773,4
475615650,47.7314053,10.3491733,47.73140225,10.3491676,0.540941,9234,0.6258,47.73140524,10.34917468,4
475615700,47.7313937,10.3491838,47.73138687,10.34918155,0.539223,9235,0.63,47.73138988,10.34918868,4
475615750,47.7313822,10.3491944,47.73137919,10.34918852,0.549923,9236,0.6216,47.73138216,10.34919555,4
475615800,47.7313707,10.3492049,47.73136382,10.34920247,0.554852,9237,0.6237,47.7313668,10.34920953,4
475615850,47.7313592,10.3492155,47.73135613,10.34920944,0.565573,9238,0.6174,47.73135908,10.34921643,4
475615900,47.7313477,10.349226,47.73134075,10.34922338,0.572328,9239,0.6195,47.73134371,10.34923039,4
475615950,47.7313361,10.3492366,47.73133307,10.34923036,0.574581,9240,0.6027,47.73133595,10.34923718,4
475616000,47.7313246,10.3492472,47.73131769,10.3492443,0.582741,9241,0.6279,47.73132069,10.3492514,4
475616050,47.7313131,10.3492577,47.73131001,10.34925127,0.59,9242,0.63,47.73131302,10.3492584,8
475616100,47.7313015,10.3492682,47.73129463,10.34926522,0.590202,9243,0.6216,47.7312976,10.34927225,8
475616150,47.73129,10.3492788,47.73128695,10.34927219,0.59915,9244,0.6363,47.73128999,10.34927939,8
475616200,47.7312785,10.3492893,47.73127157,10.34928613,0.607296,9245,0.6405,47.73127463,10.34929338,8
475616250,47.7312671,10.3492999,47.73126388,10.3492931,0.620899,9246,0.6531,47.731267,10.34930049,8
475616300,47.7312557,10.3493105,47.73124851,10.34930705,0.632831,9247,0.6447,47.73125159,10.34931434,8
475616350,47.7312442,10.3493211,47.73124082,10.34931402,0.648211,9248,0.6552,47.73124395,10.34932143,8
475616400,47.7312327,10.3493316,47.73122545,10.34932796,0.65061,9249,0.6615,47.73122861,10.34933544,8
475616450,47.7312212,10.3493421,47.73121776,10.34933493,0.657541,9250,0.6636,47.73122093,10.34934244,8
INS_time_ms, INS_Lat, INS_Lon, Nearest_Lat, Nearest_Lon, GT_D2L_m, Frame_no, ODO_D2L_m, Lat_new, Lon_new, GPS_stauts
INS_time_ms, INS_Lat, INS_Lon, Nearest_Lat, Nearest_Lon, GT_D2L_m, Frame_no, ODO_D2L_m, Lat_new, Lon_new, GPS_stauts
INS_time_ms, INS_Lat, INS_Lon, Nearest_Lat, Nearest_Lon, GT_D2L_m, Frame_no, ODO_D2L_m, Lat_new, Lon_new, GPS_stauts
INS_time_ms, INS_Lat, INS_Lon, Nearest_Lat, Nearest_Lon, GT_D2L_m, Frame_no, ODO_D2L_m, Lat_new, Lon_new, GPS_stauts
INS_time_ms, INS_Lat, INS_Lon, Nearest_Lat, Nearest_Lon, GT_D2L_m, Frame_no, ODO_D2L_m, Lat_new, Lon_new, GPS_stauts
INS_time_ms, INS_Lat, INS_Lon, Nearest_Lat, Nearest_Lon, GT_D2L_m, Frame_no, ODO_D2L_m, Lat_new, Lon_new, GPS_stauts
INS_time_ms, INS_Lat, INS_Lon, Nearest_Lat, Nearest_Lon, GT_D2L_m, Frame_no, ODO_D2L_m, Lat_new, Lon_new, GPS_stauts
